{
    "total_requests": 5,
    "successful_requests": 5,
    "failed_requests": 0,
    "total_tokens_consumed": 3786,
    "estimated_api_cost_usd": 0.007572000000000001,
    "cumulative_response_time_ms": 16487.39561500389,
    "cumulative_retrieval_time_ms": 13739.385050007484,
    "average_response_time_ms": 3297.479123000778,
    "average_retrieval_latency_ms": 2747.8770100014967
}